{
    "pvalue_win1": [
        0.0,
        0.0,
        0.0,
        0.0,
        0.0,
        0.0,
        0.0,
        0.0,
        0.0,
        0.0
    ],
    "tstat_win1": [
        94.71312306882386,
        95.23870590383197,
        97.46073646042663,
        96.72856749616994,
        93.96704716511601,
        95.00079844709761,
        94.20594032607133,
        92.88353912615958,
        97.56992216709193,
        92.96942091867561
    ],
    "sigma_win1": [
        239.3208835689989,
        239.54939807534572,
        238.36339682811615,
        238.49931137916593,
        239.24262692038602,
        238.10325948667185,
        239.81602327493977,
        237.80762974926822,
        239.55588726545415,
        239.2654541952666
    ],
    "pvalue_win2": [
        1.0,
        1.0,
        1.0,
        1.0,
        1.0,
        1.0,
        1.0,
        1.0,
        1.0,
        1.0
    ],
    "tstat_win2": [
        -94.71312306882373,
        -95.23870590383113,
        -97.4607364604259,
        -96.72856749617121,
        -93.96704716511547,
        -95.00079844709624,
        -94.20594032607066,
        -92.88353912615867,
        -97.56992216709209,
        -92.96942091867535
    ],
    "sigma_win2": [
        239.3208835689989,
        239.54939807534572,
        238.36339682811615,
        238.49931137916593,
        239.24262692038602,
        238.10325948667185,
        239.81602327493977,
        237.80762974926822,
        239.55588726545415,
        239.2654541952666
    ],
    "n_wins_1": 0,
    "n_wins_2": 10,
    "n_draws": 0
}