{
    "pvalue_win1": [
        1.0,
        1.0,
        1.0,
        1.0,
        1.0,
        1.0,
        1.0,
        1.0,
        1.0,
        1.0
    ],
    "tstat_win1": [
        -61.64748001352347,
        -60.455148294409895,
        -60.08417272874135,
        -62.057311116218166,
        -60.88915777339876,
        -60.69739205990806,
        -61.41054811943731,
        -60.27384872131847,
        -64.00122321787269,
        -60.5073569709625
    ],
    "sigma_win1": [
        245.69054801174775,
        246.1571374649116,
        243.8931437971423,
        245.86558805271682,
        244.66786476881458,
        247.18489967385452,
        245.90424331285374,
        244.0329282798961,
        249.3950868272021,
        245.24744618741752
    ],
    "pvalue_win2": [
        0.0,
        0.0,
        0.0,
        0.0,
        0.0,
        0.0,
        0.0,
        0.0,
        0.0,
        0.0
    ],
    "tstat_win2": [
        61.64748001352352,
        60.455148294409895,
        60.084172728741095,
        62.05731111621748,
        60.889157773398914,
        60.69739205990867,
        61.41054811943705,
        60.27384872131837,
        64.00122321787256,
        60.50735697096255
    ],
    "sigma_win2": [
        245.69054801174775,
        246.1571374649116,
        243.8931437971423,
        245.86558805271682,
        244.66786476881458,
        247.18489967385452,
        245.90424331285374,
        244.0329282798961,
        249.3950868272021,
        245.24744618741752
    ],
    "n_wins_1": 10,
    "n_wins_2": 0,
    "n_draws": 0
}