{
    "pvalue_win1": [
        3.115881271140678e-11,
        8.976825072086856e-14,
        1.5585557275152614e-08,
        8.420952154021825e-09,
        7.289900477550881e-13,
        6.628276174992888e-23,
        1.7019317142422827e-11,
        4.091327777362035e-12,
        7.856742306366894e-15,
        7.924388284278174e-11
    ],
    "tstat_win1": [
        6.538070318739761,
        7.3632122945270035,
        5.534728315750271,
        5.641659372617624,
        7.078428790483163,
        9.783485097909006,
        6.627947558913276,
        6.835312329549674,
        7.681582814494058,
        6.396972587982126
    ],
    "sigma_win1": [
        12.980626396862693,
        12.864548229092891,
        12.980397778673574,
        12.902556820591279,
        12.766769894794267,
        12.859920408409856,
        12.892480928880428,
        12.853897053370527,
        12.883967221962722,
        12.832388723307567
    ],
    "pvalue_win2": [
        0.9999999999688411,
        0.9999999999999102,
        0.9999999844144427,
        0.9999999915790478,
        0.999999999999271,
        1.0,
        0.9999999999829807,
        0.9999999999959087,
        0.9999999999999921,
        0.9999999999207562
    ],
    "tstat_win2": [
        -6.5380703187398055,
        -7.363212294526876,
        -5.534728315750375,
        -5.6416593726174895,
        -7.0784287904831755,
        -9.78348509790867,
        -6.627947558913265,
        -6.835312329549555,
        -7.681582814494163,
        -6.396972587982261
    ],
    "sigma_win2": [
        12.980626396862693,
        12.864548229092891,
        12.980397778673574,
        12.902556820591279,
        12.766769894794267,
        12.859920408409856,
        12.892480928880428,
        12.853897053370527,
        12.883967221962722,
        12.832388723307567
    ],
    "n_wins_1": 0,
    "n_wins_2": 10,
    "n_draws": 0
}