{
    "pvalue_win1": [
        2.8157446361381443e-55,
        1.210372314031242e-62,
        5.76089951821054e-60,
        1.0676320076557635e-46,
        8.199752864373187e-47,
        6.542283404285827e-56,
        2.7087651791987474e-53,
        2.53286620261731e-53,
        7.49020719776417e-49,
        2.457026662368106e-56
    ],
    "tstat_win1": [
        15.61637827812649,
        16.663350678423154,
        16.29053442239334,
        14.30170084065518,
        14.320054288372665,
        15.709187295586517,
        15.32240499627817,
        15.326767855129681,
        14.64278498609031,
        15.771157922158915
    ],
    "sigma_win1": [
        12.84877044874025,
        12.868231537380762,
        12.967679310370762,
        12.870872481148012,
        12.891518088618607,
        12.871312374990039,
        12.90063540631729,
        12.771229065664887,
        12.93848611990343,
        12.73652738857765
    ],
    "pvalue_win2": [
        1.0,
        1.0,
        1.0,
        1.0,
        1.0,
        1.0,
        1.0,
        1.0,
        1.0,
        1.0
    ],
    "tstat_win2": [
        -15.616378278126877,
        -16.66335067842325,
        -16.290534422393723,
        -14.30170084065532,
        -14.320054288372836,
        -15.70918729558658,
        -15.322404996278019,
        -15.32676785512986,
        -14.642784986090481,
        -15.771157922158853
    ],
    "sigma_win2": [
        12.84877044874025,
        12.868231537380762,
        12.967679310370762,
        12.870872481148012,
        12.891518088618607,
        12.871312374990039,
        12.90063540631729,
        12.771229065664887,
        12.93848611990343,
        12.73652738857765
    ],
    "n_wins_1": 0,
    "n_wins_2": 10,
    "n_draws": 0
}