{
    "pvalue_win1": [
        2.543357578583399e-22,
        1.9292310120303823e-21,
        7.601925256865466e-28,
        1.6862754864949435e-24,
        4.5807705236356874e-23,
        5.574334374260337e-24,
        6.648266606103617e-38,
        5.7800805184317615e-31,
        3.073576065251454e-18,
        2.195536508873243e-18
    ],
    "tstat_win1": [
        9.646489770416506,
        9.436389392971552,
        10.874770150107759,
        10.148279899608546,
        9.820797998945977,
        10.030907916159551,
        12.816257357054742,
        11.511388771278822,
        8.62977734252377,
        8.668173491620369
    ],
    "sigma_win1": [
        12.43731757370173,
        12.576883101878149,
        12.64229205891904,
        12.572478900745558,
        12.546799742382978,
        12.62311791346451,
        12.393980307487507,
        12.425095654199138,
        12.618305725266577,
        12.576443028856557
    ],
    "pvalue_win2": [
        1.0,
        1.0,
        1.0,
        1.0,
        1.0,
        1.0,
        1.0,
        1.0,
        1.0,
        1.0
    ],
    "tstat_win2": [
        -9.646489770416258,
        -9.436389392971357,
        -10.874770150107887,
        -10.148279899608381,
        -9.820797998945977,
        -10.030907916159551,
        -12.816257357054432,
        -11.511388771279272,
        -8.629777342523907,
        -8.668173491620319
    ],
    "sigma_win2": [
        12.43731757370173,
        12.576883101878149,
        12.64229205891904,
        12.572478900745558,
        12.546799742382978,
        12.62311791346451,
        12.393980307487507,
        12.425095654199138,
        12.618305725266577,
        12.576443028856557
    ],
    "n_wins_1": 0,
    "n_wins_2": 10,
    "n_draws": 0
}