{
    "pvalue_win1": [
        1.0,
        1.0,
        1.0,
        1.0,
        1.0,
        1.0,
        1.0,
        1.0,
        1.0,
        1.0
    ],
    "tstat_win1": [
        -91.96211392876975,
        -91.81715709468504,
        -90.54408295236775,
        -93.5265848372129,
        -90.9235265598536,
        -93.72528189480342,
        -91.44412461348098,
        -88.82140136748181,
        -90.40392314373095,
        -92.36049793865713
    ],
    "sigma_win1": [
        274.593151595681,
        276.50947035782866,
        276.1571957885703,
        277.60052351645584,
        274.3606586496945,
        277.8397171787309,
        275.54418233815215,
        274.8534502887243,
        276.79008822459025,
        278.62832645184426
    ],
    "pvalue_win2": [
        0.0,
        0.0,
        0.0,
        0.0,
        0.0,
        0.0,
        0.0,
        0.0,
        0.0,
        0.0
    ],
    "tstat_win2": [
        91.96211392877063,
        91.8171570946852,
        90.54408295236672,
        93.52658483721335,
        90.92352655985343,
        93.72528189480342,
        91.44412461348037,
        88.82140136748173,
        90.4039231437312,
        92.3604979386561
    ],
    "sigma_win2": [
        274.593151595681,
        276.50947035782866,
        276.1571957885703,
        277.60052351645584,
        274.3606586496945,
        277.8397171787309,
        275.54418233815215,
        274.8534502887243,
        276.79008822459025,
        278.62832645184426
    ],
    "n_wins_1": 10,
    "n_wins_2": 0,
    "n_draws": 0
}