{
    "pvalue_win1": [
        1.0,
        1.0,
        1.0,
        1.0,
        1.0,
        1.0,
        1.0,
        1.0,
        1.0,
        1.0,
        1.0,
        1.0,
        1.0,
        1.0,
        1.0,
        1.0,
        1.0,
        1.0,
        1.0,
        1.0,
        1.0,
        1.0,
        1.0,
        1.0,
        1.0
    ],
    "tstat_win1": [
        -26.640578041534692,
        -22.120210905771334,
        -27.17922825427795,
        -24.36633092368815,
        -26.09335488546822,
        -24.166742386959733,
        -25.69977562274418,
        -24.669562037244212,
        -24.713138742912705,
        -24.51992900937067,
        -25.4112304848041,
        -24.795916774650692,
        -24.269245616501454,
        -26.592818358659272,
        -26.156464135742315,
        -25.24806135949041,
        -25.575483392545408,
        -24.961138128299226,
        -26.676213284508282,
        -23.880391889622732,
        -23.950749303592204,
        -27.354272723006986,
        -25.9458255924536,
        -25.23499133967861,
        -25.23479745133736
    ],
    "sigma_win1": [
        11.868927014701711,
        11.773527145013304,
        11.724630953628946,
        11.828130449308837,
        11.770532678221706,
        11.769021527475402,
        11.946863574484993,
        11.873774391990981,
        11.646291692928134,
        11.71308701965523,
        11.716292790588376,
        11.626146092282042,
        11.95971415279743,
        11.876972346650422,
        11.810091547493622,
        11.704773392157968,
        11.626884690452638,
        11.849375444670713,
        11.904309255929352,
        11.643308869865947,
        11.884934627631873,
        11.686457967718564,
        11.849375444670713,
        11.757118982453022,
        11.78717403449407
    ],
    "MMDXY_win1": [
        0.09685007455723449,
        0.10711818312506927,
        0.09657130480976372,
        0.10261098685976033,
        0.0985042982550075,
        0.1014453354001863,
        0.09872875146814442,
        0.10181320847584152,
        0.1038035989728282,
        0.10162465739059989,
        0.10137398046902446,
        0.10050649654362243,
        0.10492078731173349,
        0.09654354035849566,
        0.09727626398751232,
        0.10001785002941654,
        0.09993774768116226,
        0.10185431945626233,
        0.09743068153800116,
        0.10417810145657169,
        0.1035849145709219,
        0.09493763980572922,
        0.09872775117381516,
        0.10099280583327674,
        0.09989614356292353
    ],
    "MMDXZ_win1": [
        0.1965952414089851,
        0.19236256997925538,
        0.19917442224297388,
        0.19586182478500802,
        0.19714208409607892,
        0.19296095878714392,
        0.19720877476496235,
        0.19653714381212695,
        0.19733486319084836,
        0.1948209383574877,
        0.1983386851465917,
        0.19474836422895636,
        0.19877671115749984,
        0.19732798754749215,
        0.1963731611616385,
        0.19576647092035193,
        0.19681029546665663,
        0.1969715637048447,
        0.19828510320754122,
        0.19554701027707233,
        0.19528632599623352,
        0.19724211587962015,
        0.19790078830959312,
        0.19666753960787176,
        0.19524948571477485
    ],
    "pvalue_win2": [
        1.1506156651503903e-156,
        1.0099099403103354e-108,
        5.716777096702969e-163,
        1.9460228804006627e-131,
        2.1686324833880937e-150,
        2.4896379277514827e-129,
        5.878260516672785e-146,
        1.1349762684334458e-134,
        3.863100160328137e-135,
        4.5279844259381486e-133,
        9.47520592880951e-143,
        4.960918413821072e-136,
        2.071103518203574e-130,
        4.1094596425291595e-156,
        4.160144337071633e-151,
        5.947353842344937e-141,
        1.4297251999218752e-144,
        8.082306041649977e-138,
        4.4440709886422314e-157,
        2.4483667259005918e-126,
        4.5377751646124285e-127,
        4.803183673589793e-165,
        1.0133195882533342e-148,
        8.276083284920207e-141,
        8.316739029592844e-141
    ],
    "tstat_win2": [
        26.640578041535072,
        22.120210905771348,
        27.179228254277998,
        24.366330923687705,
        26.093354885467935,
        24.16674238696022,
        25.699775622744138,
        24.66956203724447,
        24.713138742912705,
        24.51992900937075,
        25.41123048480428,
        24.795916774650617,
        24.26924561650149,
        26.592818358659397,
        26.15646413574223,
        25.248061359490237,
        25.575483392545564,
        24.961138128298884,
        26.67621328450795,
        23.880391889622825,
        23.95074930359228,
        27.354272723007227,
        25.94582559245415,
        25.23499133967861,
        25.234797451338537
    ],
    "sigma_win2": [
        11.868927014701711,
        11.773527145013304,
        11.724630953628946,
        11.828130449308837,
        11.770532678221706,
        11.769021527475402,
        11.946863574484993,
        11.873774391990981,
        11.646291692928134,
        11.71308701965523,
        11.716292790588376,
        11.626146092282042,
        11.95971415279743,
        11.876972346650422,
        11.810091547493622,
        11.704773392157968,
        11.626884690452638,
        11.849375444670713,
        11.904309255929352,
        11.643308869865947,
        11.884934627631873,
        11.686457967718564,
        11.849375444670713,
        11.757118982453022,
        11.78717403449407
    ],
    "MMDXY_win2": [
        0.1965952414089851,
        0.19236256997925538,
        0.19917442224297388,
        0.19586182478500802,
        0.19714208409607892,
        0.19296095878714392,
        0.19720877476496235,
        0.19653714381212695,
        0.19733486319084836,
        0.1948209383574877,
        0.1983386851465917,
        0.19474836422895636,
        0.19877671115749984,
        0.19732798754749215,
        0.1963731611616385,
        0.19576647092035193,
        0.19681029546665663,
        0.1969715637048447,
        0.19828510320754122,
        0.19554701027707233,
        0.19528632599623352,
        0.19724211587962015,
        0.19790078830959312,
        0.19666753960787176,
        0.19524948571477485
    ],
    "MMDXZ_win2": [
        0.09685007455723449,
        0.10711818312506927,
        0.09657130480976372,
        0.10261098685976033,
        0.0985042982550075,
        0.1014453354001863,
        0.09872875146814442,
        0.10181320847584152,
        0.1038035989728282,
        0.10162465739059989,
        0.10137398046902446,
        0.10050649654362243,
        0.10492078731173349,
        0.09654354035849566,
        0.09727626398751232,
        0.10001785002941654,
        0.09993774768116226,
        0.10185431945626233,
        0.09743068153800116,
        0.10417810145657169,
        0.1035849145709219,
        0.09493763980572922,
        0.09872775117381516,
        0.10099280583327674,
        0.09989614356292353
    ],
    "n_wins_1": 25,
    "n_wins_2": 0,
    "n_draws": 0
}