{
    "pvalue_win1": [
        0.0,
        0.0,
        0.0,
        0.0,
        0.0,
        0.0,
        0.0,
        0.0,
        0.0,
        0.0
    ],
    "tstat_win1": [
        165.39054450514456,
        167.76549755353076,
        165.58538470259597,
        167.63753915844674,
        172.96227544360192,
        163.1119186479469,
        164.87105735506117,
        168.39413589763473,
        167.05435250894476,
        172.92648524874076
    ],
    "sigma_win1": [
        178.64485535389198,
        178.0301793721392,
        179.48982574502782,
        177.99806739078883,
        180.2503680726365,
        180.30441586802718,
        178.16528932411487,
        177.3752500437075,
        178.7117727403192,
        178.83576569499755
    ],
    "pvalue_win2": [
        1.0,
        1.0,
        1.0,
        1.0,
        1.0,
        1.0,
        1.0,
        1.0,
        1.0,
        1.0
    ],
    "tstat_win2": [
        -165.39054450514303,
        -167.76549755352792,
        -165.58538470259649,
        -167.6375391584451,
        -172.96227544360275,
        -163.1119186479491,
        -164.87105735506282,
        -168.3941358976356,
        -167.05435250894357,
        -172.92648524873945
    ],
    "sigma_win2": [
        178.64485535389198,
        178.0301793721392,
        179.48982574502782,
        177.99806739078883,
        180.2503680726365,
        180.30441586802718,
        178.16528932411487,
        177.3752500437075,
        178.7117727403192,
        178.83576569499755
    ],
    "n_wins_1": 0,
    "n_wins_2": 10,
    "n_draws": 0
}