{
    "pvalue_win1": [
        0.9999999909306897,
        0.9999999204575496,
        0.9999999700928391,
        0.999999973953975,
        0.9999999998531848,
        0.9999999999862867,
        0.9999999991486006,
        0.9999999764031212,
        0.9999999866934473,
        0.9999997480117457
    ],
    "tstat_win1": [
        -5.6288774531020715,
        -5.24172202955444,
        -5.419355353668108,
        -5.44401766774696,
        -6.302104840197186,
        -6.659765110276892,
        -6.02388452476211,
        -5.461571696083894,
        -5.562372766121719,
        -5.024792740752958
    ],
    "sigma_win1": [
        12.785979311996801,
        12.686725906951933,
        12.648724590996547,
        12.677614290930967,
        12.83505058345132,
        12.704836822995428,
        12.706071509442356,
        12.724949798994366,
        12.678258471260477,
        12.707290364139869
    ],
    "pvalue_win2": [
        9.06931031107629e-09,
        7.954245044460034e-08,
        2.990716082927796e-08,
        2.6046024948355205e-08,
        1.4681521571658015e-10,
        1.3713277916208046e-11,
        8.51399381374022e-10,
        2.359687882994311e-08,
        1.330655278204947e-08,
        2.5198825422188556e-07
    ],
    "tstat_win2": [
        5.628877453102243,
        5.241722029554433,
        5.419355353668216,
        5.444017667746975,
        6.302104840197409,
        6.65976511027692,
        6.02388452476211,
        5.461571696083903,
        5.562372766121586,
        5.024792740753008
    ],
    "sigma_win2": [
        12.785979311996801,
        12.686725906951933,
        12.648724590996547,
        12.677614290930967,
        12.83505058345132,
        12.704836822995428,
        12.706071509442356,
        12.724949798994366,
        12.678258471260477,
        12.707290364139869
    ],
    "n_wins_1": 10,
    "n_wins_2": 0,
    "n_draws": 0
}