{
    "pvalue_win1": [
        1.2135467575252985e-06,
        1.968737696903631e-10,
        1.3166970206206261e-06,
        0.0013010007352378169,
        7.338808337082174e-07,
        1.9399949055812852e-05,
        5.839119804006048e-11,
        1.1051260162696325e-07,
        0.00011071757802480752,
        0.00045363704276758955
    ],
    "tstat_win1": [
        4.7141604591450905,
        6.256486354305784,
        4.697520001247946,
        3.0112201261855946,
        4.815575618364131,
        4.1145122342957245,
        6.443456963242021,
        5.180724948367857,
        3.6932167195242585,
        3.317806206959265
    ],
    "sigma_win1": [
        12.863961030678928,
        12.990206420260341,
        12.873774391990981,
        13.028782428600298,
        12.999487887664564,
        12.805876463851387,
        12.901727294526761,
        12.89297679719363,
        12.893793313644533,
        12.98074069840786
    ],
    "pvalue_win2": [
        0.9999987864532425,
        0.9999999998031263,
        0.9999986833029794,
        0.9986989992647622,
        0.9999992661191663,
        0.9999806000509441,
        0.9999999999416088,
        0.9999998894873984,
        0.9998892824219753,
        0.9995463629572324
    ],
    "tstat_win2": [
        -4.7141604591451705,
        -6.256486354305967,
        -4.697520001248002,
        -3.0112201261856146,
        -4.815575618364107,
        -4.114512234295711,
        -6.443456963242202,
        -5.180724948367936,
        -3.693216719524365,
        -3.3178062069592595
    ],
    "sigma_win2": [
        12.863961030678928,
        12.990206420260341,
        12.873774391990981,
        13.028782428600298,
        12.999487887664564,
        12.805876463851387,
        12.901727294526761,
        12.89297679719363,
        12.893793313644533,
        12.98074069840786
    ],
    "n_wins_1": 0,
    "n_wins_2": 10,
    "n_draws": 0
}