{
    "pvalue_win1": [
        3.4343881863192045e-17,
        4.4352188318626966e-16,
        4.21367539426351e-13,
        2.2226896841221065e-11,
        4.805473998277415e-13,
        1.486897115094971e-14,
        1.6538572741672633e-07,
        1.720873388746044e-06,
        2.6426086107632546e-18,
        1.3252490990374686e-18
    ],
    "tstat_win1": [
        8.349267241563453,
        8.04155657301982,
        7.1540188151358635,
        6.588417904748855,
        7.135966410444255,
        7.599455454203359,
        5.105013183229121,
        4.642526380785538,
        8.64704059614176,
        8.725481761991244
    ],
    "sigma_win1": [
        12.971118191281445,
        13.057438524302,
        12.921399554980928,
        13.028386759941892,
        12.94073716027283,
        13.066710634567606,
        12.95122608450134,
        13.114752364760044,
        12.959414009815386,
        13.007393317147738
    ],
    "pvalue_win2": [
        1.0,
        0.9999999999999996,
        0.9999999999995787,
        0.9999999999777731,
        0.9999999999995195,
        0.9999999999999851,
        0.9999998346142726,
        0.9999982791266112,
        1.0,
        1.0
    ],
    "tstat_win2": [
        -8.34926724156338,
        -8.041556573019854,
        -7.154018815135878,
        -6.588417904748518,
        -7.135966410444018,
        -7.599455454203563,
        -5.1050131832291745,
        -4.64252638078569,
        -8.647040596141688,
        -8.725481761991281
    ],
    "sigma_win2": [
        12.971118191281445,
        13.057438524302,
        12.921399554980928,
        13.028386759941892,
        12.94073716027283,
        13.066710634567606,
        12.95122608450134,
        13.114752364760044,
        12.959414009815386,
        13.007393317147738
    ],
    "n_wins_1": 0,
    "n_wins_2": 10,
    "n_draws": 0
}