{
    "pvalue_win1": [
        1.0,
        1.0,
        1.0,
        1.0,
        1.0,
        1.0,
        1.0,
        1.0,
        1.0,
        1.0
    ],
    "tstat_win1": [
        -24.07431031439456,
        -24.41017744599103,
        -24.597285562676408,
        -21.881916644692495,
        -24.871916311003982,
        -23.044618976123104,
        -24.248163806498017,
        -23.203790779523974,
        -25.235759039080634,
        -23.965704794443756
    ],
    "sigma_win1": [
        188.9198192810801,
        189.15036259972766,
        190.3949703690572,
        187.92262121815764,
        188.40335837988337,
        190.4548084779457,
        190.28733760486392,
        191.9272558717837,
        190.5348072653358,
        189.5882229343788
    ],
    "pvalue_win2": [
        2.3230511519979664e-128,
        6.667472442114564e-132,
        6.752773182833263e-134,
        1.9313225907609735e-106,
        7.49142750880729e-137,
        8.32750596990305e-118,
        3.4568752769013264e-130,
        2.0845851107677539e-119,
        8.117046155731811e-141,
        3.1692904150831977e-127
    ],
    "tstat_win2": [
        24.07431031439458,
        24.410177445991476,
        24.597285562676632,
        21.881916644692517,
        24.871916311004235,
        23.044618976123424,
        24.248163806497697,
        23.203790779523725,
        25.235759039080346,
        23.965704794443344
    ],
    "sigma_win2": [
        188.9198192810801,
        189.15036259972766,
        190.3949703690572,
        187.92262121815764,
        188.40335837988337,
        190.4548084779457,
        190.28733760486392,
        191.9272558717837,
        190.5348072653358,
        189.5882229343788
    ],
    "n_wins_1": 10,
    "n_wins_2": 0,
    "n_draws": 0
}