{
    "pvalue_win1": [
        1.0,
        0.9999999999999973,
        1.0,
        1.0,
        1.0,
        1.0,
        1.0,
        1.0,
        1.0,
        1.0
    ],
    "tstat_win1": [
        -9.484905282533672,
        -7.818365454864151,
        -10.525761360327039,
        -10.209888382360376,
        -9.609787533683514,
        -8.575974862186772,
        -11.586686927499088,
        -9.014008667425992,
        -9.576811347470176,
        -10.715752304317983
    ],
    "sigma_win1": [
        12.193169600576455,
        12.183137442900858,
        12.233650236227495,
        12.244112414621533,
        12.36056629587549,
        12.36056629587549,
        12.226124347350794,
        12.220839889558862,
        12.242527782692246,
        12.249794675733618
    ],
    "pvalue_win2": [
        1.213016512905907e-21,
        2.675682048995801e-15,
        3.2863951109728356e-26,
        8.953535569585752e-25,
        3.634942040023413e-22,
        4.912550341195642e-18,
        2.4069749710819613e-31,
        9.932949697085711e-20,
        5.004362727558776e-22,
        4.292818968506642e-27
    ],
    "tstat_win2": [
        9.48490528253348,
        7.818365454864253,
        10.525761360327026,
        10.209888382360633,
        9.609787533683551,
        8.575974862186825,
        11.586686927498969,
        9.014008667426165,
        9.576811347470354,
        10.715752304317874
    ],
    "sigma_win2": [
        12.193169600576455,
        12.183137442900858,
        12.233650236227495,
        12.244112414621533,
        12.36056629587549,
        12.36056629587549,
        12.226124347350794,
        12.220839889558862,
        12.242527782692246,
        12.249794675733618
    ],
    "n_wins_1": 10,
    "n_wins_2": 0,
    "n_draws": 0
}