{
    "pvalue_win1": [
        1.2517016679788236e-88,
        6.8684628677109155e-105,
        4.964617319759203e-97,
        4.5411820738156315e-96,
        1.1527297159299204e-89,
        1.4966876495330106e-98,
        1.839961265362419e-101,
        1.313434126153642e-70,
        1.4462825030576747e-99,
        4.660812398146847e-103
    ],
    "tstat_win1": [
        19.924336896998483,
        21.7184384973767,
        20.87049879020535,
        20.764416497865785,
        20.043384390765144,
        21.0372339106786,
        21.35270715514341,
        17.72631743337125,
        21.14777675254909,
        21.523792894523922
    ],
    "sigma_win1": [
        13.12840243504413,
        13.084869434943684,
        13.204416522793391,
        13.059388149512394,
        13.168436957788042,
        13.099501295185437,
        13.103993393481195,
        13.32951768296802,
        12.991794066607689,
        13.273108592072033
    ],
    "pvalue_win2": [
        1.0,
        1.0,
        1.0,
        1.0,
        1.0,
        1.0,
        1.0,
        1.0,
        1.0,
        1.0
    ],
    "tstat_win2": [
        -19.924336896998813,
        -21.718438497376415,
        -20.870498790205737,
        -20.764416497865668,
        -20.04338439076511,
        -21.03723391067824,
        -21.352707155143566,
        -17.72631743337154,
        -21.147776752549664,
        -21.52379289452396
    ],
    "sigma_win2": [
        13.12840243504413,
        13.084869434943684,
        13.204416522793391,
        13.059388149512394,
        13.168436957788042,
        13.099501295185437,
        13.103993393481195,
        13.32951768296802,
        12.991794066607689,
        13.273108592072033
    ],
    "n_wins_1": 0,
    "n_wins_2": 10,
    "n_draws": 0
}