{
    "pvalue_win1": [
        0.0,
        0.0,
        0.0,
        0.0,
        0.0,
        0.0,
        0.0,
        0.0,
        0.0,
        0.0
    ],
    "tstat_win1": [
        123.77221423425237,
        125.93873107153381,
        125.10686151074049,
        124.66218870309795,
        123.99000885604713,
        125.52686017090082,
        124.39110139696926,
        124.41884049039437,
        126.73916155508056,
        123.97106051411023
    ],
    "sigma_win1": [
        204.91513730875465,
        206.38844908546847,
        204.91112219105628,
        206.4931285612995,
        204.97211490413923,
        207.51895191554132,
        205.8167382066918,
        204.96314981633748,
        206.6500498104498,
        206.54015940655222
    ],
    "pvalue_win2": [
        1.0,
        1.0,
        1.0,
        1.0,
        1.0,
        1.0,
        1.0,
        1.0,
        1.0,
        1.0
    ],
    "tstat_win2": [
        -123.77221423425237,
        -125.93873107153252,
        -125.10686151073907,
        -124.66218870309602,
        -123.99000885604761,
        -125.52686017090026,
        -124.39110139696747,
        -124.41884049039199,
        -126.73916155507769,
        -123.9710605141097
    ],
    "sigma_win2": [
        204.91513730875465,
        206.38844908546847,
        204.91112219105628,
        206.4931285612995,
        204.97211490413923,
        207.51895191554132,
        205.8167382066918,
        204.96314981633748,
        206.6500498104498,
        206.54015940655222
    ],
    "n_wins_1": 0,
    "n_wins_2": 10,
    "n_draws": 0
}