{
    "pvalue_win1": [
        0.0,
        0.0,
        0.0,
        0.0,
        0.0,
        0.0,
        0.0,
        0.0,
        0.0,
        0.0
    ],
    "tstat_win1": [
        138.388882368495,
        142.2375971042152,
        141.54962807673445,
        141.1941022868368,
        146.80001342353626,
        144.12529024951846,
        141.1456998992483,
        140.98281093839208,
        139.3430534462794,
        142.445493053652
    ],
    "sigma_win1": [
        191.29925673358557,
        190.3957057392704,
        191.4023082327003,
        193.17458107553102,
        193.06196446182497,
        191.28973019499654,
        192.00004409501796,
        192.08720922183016,
        192.43661319622657,
        191.76548489860235
    ],
    "pvalue_win2": [
        1.0,
        1.0,
        1.0,
        1.0,
        1.0,
        1.0,
        1.0,
        1.0,
        1.0,
        1.0
    ],
    "tstat_win2": [
        -138.38888236849425,
        -142.2375971042167,
        -141.5496280767334,
        -141.19410228683753,
        -146.80001342353597,
        -144.12529024952136,
        -141.14569989924678,
        -140.98281093839003,
        -139.34305344628257,
        -142.44549305364944
    ],
    "sigma_win2": [
        191.29925673358557,
        190.3957057392704,
        191.4023082327003,
        193.17458107553102,
        193.06196446182497,
        191.28973019499654,
        192.00004409501796,
        192.08720922183016,
        192.43661319622657,
        191.76548489860235
    ],
    "n_wins_1": 0,
    "n_wins_2": 10,
    "n_draws": 0
}