{
    "pvalue_win1": [
        2.867124200264627e-47,
        2.0655419540948684e-42,
        4.1392574148982713e-44,
        1.1637084283822404e-42,
        3.588431715497002e-39,
        4.289433833972867e-51,
        5.156641589587947e-37,
        3.215024317669645e-33,
        1.7295564901379012e-42,
        1.4867298436447803e-43
    ],
    "tstat_win1": [
        14.392897283995232,
        13.597720648262012,
        13.880825363844735,
        13.63962897432053,
        13.040727835716678,
        14.98966200970903,
        12.656390785108252,
        11.950803561616894,
        13.610700714030514,
        13.788878640083619
    ],
    "sigma_win1": [
        12.64229205891904,
        12.712892932925245,
        12.802436522700399,
        12.692615227856596,
        12.712892932925245,
        12.730740031528537,
        12.70386084362914,
        12.656580773277398,
        12.751017736597188,
        12.755690897413427
    ],
    "pvalue_win2": [
        1.0,
        1.0,
        1.0,
        1.0,
        1.0,
        1.0,
        1.0,
        1.0,
        1.0,
        1.0
    ],
    "tstat_win2": [
        -14.392897283995232,
        -13.597720648261728,
        -13.880825363844588,
        -13.639628974320669,
        -13.040727835716774,
        -14.98966200970916,
        -12.656390785108186,
        -11.950803561616535,
        -13.61070071403054,
        -13.788878640083915
    ],
    "sigma_win2": [
        12.64229205891904,
        12.712892932925245,
        12.802436522700399,
        12.692615227856596,
        12.712892932925245,
        12.730740031528537,
        12.70386084362914,
        12.656580773277398,
        12.751017736597188,
        12.755690897413427
    ],
    "n_wins_1": 0,
    "n_wins_2": 10,
    "n_draws": 0
}